"Class","MethodSignature"
"com.dogecoin.dogecoinj.protocols.payments.PaymentProtocol$Ack","public java.lang.String getMemo()"
"com.dogecoin.dogecoinj.protocols.payments.PaymentProtocol$Output","public com.dogecoin.dogecoinj.protocols.payments.PaymentProtocol$Output(org.bitcoinj.core.Coin, byte[])"
"com.dogecoin.dogecoinj.protocols.payments.PaymentProtocol$PkiVerificationData","public java.lang.String toString()"
"com.dogecoin.dogecoinj.protocols.payments.PaymentProtocol","public com.dogecoin.dogecoinj.protocols.payments.PaymentProtocol()"
"com.dogecoin.dogecoinj.protocols.payments.PaymentProtocol","public static org.bitcoin.protocols.payments.Protos$PaymentRequest$Builder createPaymentRequest(org.bitcoinj.core.NetworkParameters, org.bitcoinj.core.Coin, org.bitcoinj.core.Address, java.lang.String, java.lang.String, byte[])"
"com.dogecoin.dogecoinj.protocols.payments.PaymentProtocol","public static org.bitcoin.protocols.payments.Protos$PaymentRequest$Builder createPaymentRequest(org.bitcoinj.core.NetworkParameters, java.util.List<org.bitcoin.protocols.payments.Protos$Output>, java.lang.String, java.lang.String, byte[])"
"com.dogecoin.dogecoinj.protocols.payments.PaymentProtocol","public static com.dogecoin.dogecoinj.protocols.payments.PaymentSession parsePaymentRequest(org.bitcoin.protocols.payments.Protos$PaymentRequest) throws com.dogecoin.dogecoinj.protocols.payments.PaymentProtocolException"
"com.dogecoin.dogecoinj.protocols.payments.PaymentProtocol","public static void signPaymentRequest(org.bitcoin.protocols.payments.Protos$PaymentRequest$Builder, java.security.cert.X509Certificate[], java.security.PrivateKey)"
"com.dogecoin.dogecoinj.protocols.payments.PaymentProtocol","public static com.dogecoin.dogecoinj.protocols.payments.PaymentProtocol$PkiVerificationData verifyPaymentRequestPki(org.bitcoin.protocols.payments.Protos$PaymentRequest, java.security.KeyStore) throws com.dogecoin.dogecoinj.protocols.payments.PaymentProtocolException"
"com.dogecoin.dogecoinj.protocols.payments.PaymentProtocol","public static org.bitcoin.protocols.payments.Protos$Payment createPaymentMessage(java.util.List<org.bitcoinj.core.Transaction>, org.bitcoinj.core.Coin, org.bitcoinj.core.Address, java.lang.String, byte[])"
"com.dogecoin.dogecoinj.protocols.payments.PaymentProtocol","public static org.bitcoin.protocols.payments.Protos$Payment createPaymentMessage(java.util.List<org.bitcoinj.core.Transaction>, java.util.List<org.bitcoin.protocols.payments.Protos$Output>, java.lang.String, byte[])"
"com.dogecoin.dogecoinj.protocols.payments.PaymentProtocol","public static java.util.List<org.bitcoinj.core.Transaction> parseTransactionsFromPaymentMessage(org.bitcoinj.core.NetworkParameters, org.bitcoin.protocols.payments.Protos$Payment)"
"com.dogecoin.dogecoinj.protocols.payments.PaymentProtocol","public static org.bitcoin.protocols.payments.Protos$PaymentACK createPaymentAck(org.bitcoin.protocols.payments.Protos$Payment, java.lang.String)"
"com.dogecoin.dogecoinj.protocols.payments.PaymentProtocol","public static com.dogecoin.dogecoinj.protocols.payments.PaymentProtocol$Ack parsePaymentAck(org.bitcoin.protocols.payments.Protos$PaymentACK)"
"com.dogecoin.dogecoinj.protocols.payments.PaymentProtocol","public static org.bitcoin.protocols.payments.Protos$Output createPayToAddressOutput(org.bitcoinj.core.Coin, org.bitcoinj.core.Address)"
"com.dogecoin.dogecoinj.protocols.payments.PaymentProtocolException$Expired","public com.dogecoin.dogecoinj.protocols.payments.PaymentProtocolException$Expired(java.lang.String)"
"com.dogecoin.dogecoinj.protocols.payments.PaymentProtocolException$InvalidNetwork","public com.dogecoin.dogecoinj.protocols.payments.PaymentProtocolException$InvalidNetwork(java.lang.String)"
"com.dogecoin.dogecoinj.protocols.payments.PaymentProtocolException$InvalidOutputs","public com.dogecoin.dogecoinj.protocols.payments.PaymentProtocolException$InvalidOutputs(java.lang.String)"
"com.dogecoin.dogecoinj.protocols.payments.PaymentProtocolException$InvalidPaymentRequestURL","public com.dogecoin.dogecoinj.protocols.payments.PaymentProtocolException$InvalidPaymentRequestURL(java.lang.String)"
"com.dogecoin.dogecoinj.protocols.payments.PaymentProtocolException$InvalidPaymentRequestURL","public com.dogecoin.dogecoinj.protocols.payments.PaymentProtocolException$InvalidPaymentRequestURL(java.lang.Exception)"
"com.dogecoin.dogecoinj.protocols.payments.PaymentProtocolException$InvalidPaymentURL","public com.dogecoin.dogecoinj.protocols.payments.PaymentProtocolException$InvalidPaymentURL(java.lang.Exception)"
"com.dogecoin.dogecoinj.protocols.payments.PaymentProtocolException$InvalidPaymentURL","public com.dogecoin.dogecoinj.protocols.payments.PaymentProtocolException$InvalidPaymentURL(java.lang.String)"
"com.dogecoin.dogecoinj.protocols.payments.PaymentProtocolException$InvalidPkiData","public com.dogecoin.dogecoinj.protocols.payments.PaymentProtocolException$InvalidPkiData(java.lang.String)"
"com.dogecoin.dogecoinj.protocols.payments.PaymentProtocolException$InvalidPkiData","public com.dogecoin.dogecoinj.protocols.payments.PaymentProtocolException$InvalidPkiData(java.lang.Exception)"
"com.dogecoin.dogecoinj.protocols.payments.PaymentProtocolException$InvalidPkiType","public com.dogecoin.dogecoinj.protocols.payments.PaymentProtocolException$InvalidPkiType(java.lang.String)"
"com.dogecoin.dogecoinj.protocols.payments.PaymentProtocolException$InvalidVersion","public com.dogecoin.dogecoinj.protocols.payments.PaymentProtocolException$InvalidVersion(java.lang.String)"
"com.dogecoin.dogecoinj.protocols.payments.PaymentProtocolException$PkiVerificationException","public com.dogecoin.dogecoinj.protocols.payments.PaymentProtocolException$PkiVerificationException(java.lang.String)"
"com.dogecoin.dogecoinj.protocols.payments.PaymentProtocolException$PkiVerificationException","public com.dogecoin.dogecoinj.protocols.payments.PaymentProtocolException$PkiVerificationException(java.lang.Exception)"
"com.dogecoin.dogecoinj.protocols.payments.PaymentProtocolException$PkiVerificationException","public com.dogecoin.dogecoinj.protocols.payments.PaymentProtocolException$PkiVerificationException(java.lang.Exception, java.util.List<java.security.cert.X509Certificate>)"
"com.dogecoin.dogecoinj.protocols.payments.PaymentProtocolException","public com.dogecoin.dogecoinj.protocols.payments.PaymentProtocolException(java.lang.String)"
"com.dogecoin.dogecoinj.protocols.payments.PaymentProtocolException","public com.dogecoin.dogecoinj.protocols.payments.PaymentProtocolException(java.lang.Exception)"
"com.dogecoin.dogecoinj.protocols.payments.PaymentSession$1","public com.dogecoin.dogecoinj.protocols.payments.PaymentSession call() throws java.lang.Exception"
"com.dogecoin.dogecoinj.protocols.payments.PaymentSession$1","public java.lang.Object call() throws java.lang.Exception"
"com.dogecoin.dogecoinj.protocols.payments.PaymentSession$2","public com.dogecoin.dogecoinj.protocols.payments.PaymentProtocol$Ack call() throws java.lang.Exception"
"com.dogecoin.dogecoinj.protocols.payments.PaymentSession$2","public java.lang.Object call() throws java.lang.Exception"
"com.dogecoin.dogecoinj.protocols.payments.PaymentSession","public static com.google.common.util.concurrent.ListenableFuture<com.dogecoin.dogecoinj.protocols.payments.PaymentSession> createFromBitcoinUri(org.bitcoinj.uri.BitcoinURI) throws com.dogecoin.dogecoinj.protocols.payments.PaymentProtocolException"
"com.dogecoin.dogecoinj.protocols.payments.PaymentSession","public static com.google.common.util.concurrent.ListenableFuture<com.dogecoin.dogecoinj.protocols.payments.PaymentSession> createFromBitcoinUri(org.bitcoinj.uri.BitcoinURI, boolean) throws com.dogecoin.dogecoinj.protocols.payments.PaymentProtocolException"
"com.dogecoin.dogecoinj.protocols.payments.PaymentSession","public static com.google.common.util.concurrent.ListenableFuture<com.dogecoin.dogecoinj.protocols.payments.PaymentSession> createFromBitcoinUri(org.bitcoinj.uri.BitcoinURI, boolean, org.bitcoinj.crypto.TrustStoreLoader) throws com.dogecoin.dogecoinj.protocols.payments.PaymentProtocolException"
"com.dogecoin.dogecoinj.protocols.payments.PaymentSession","public static com.google.common.util.concurrent.ListenableFuture<com.dogecoin.dogecoinj.protocols.payments.PaymentSession> createFromUrl(java.lang.String) throws com.dogecoin.dogecoinj.protocols.payments.PaymentProtocolException"
"com.dogecoin.dogecoinj.protocols.payments.PaymentSession","public static com.google.common.util.concurrent.ListenableFuture<com.dogecoin.dogecoinj.protocols.payments.PaymentSession> createFromUrl(java.lang.String, boolean) throws com.dogecoin.dogecoinj.protocols.payments.PaymentProtocolException"
"com.dogecoin.dogecoinj.protocols.payments.PaymentSession","public static com.google.common.util.concurrent.ListenableFuture<com.dogecoin.dogecoinj.protocols.payments.PaymentSession> createFromUrl(java.lang.String, boolean, org.bitcoinj.crypto.TrustStoreLoader) throws com.dogecoin.dogecoinj.protocols.payments.PaymentProtocolException"
"com.dogecoin.dogecoinj.protocols.payments.PaymentSession","public com.dogecoin.dogecoinj.protocols.payments.PaymentSession(org.bitcoin.protocols.payments.Protos$PaymentRequest) throws com.dogecoin.dogecoinj.protocols.payments.PaymentProtocolException"
"com.dogecoin.dogecoinj.protocols.payments.PaymentSession","public com.dogecoin.dogecoinj.protocols.payments.PaymentSession(org.bitcoin.protocols.payments.Protos$PaymentRequest, boolean) throws com.dogecoin.dogecoinj.protocols.payments.PaymentProtocolException"
"com.dogecoin.dogecoinj.protocols.payments.PaymentSession","public com.dogecoin.dogecoinj.protocols.payments.PaymentSession(org.bitcoin.protocols.payments.Protos$PaymentRequest, boolean, org.bitcoinj.crypto.TrustStoreLoader) throws com.dogecoin.dogecoinj.protocols.payments.PaymentProtocolException"
"com.dogecoin.dogecoinj.protocols.payments.PaymentSession","public java.util.List<com.dogecoin.dogecoinj.protocols.payments.PaymentProtocol$Output> getOutputs()"
"com.dogecoin.dogecoinj.protocols.payments.PaymentSession","public java.lang.String getMemo()"
"com.dogecoin.dogecoinj.protocols.payments.PaymentSession","public org.bitcoinj.core.Coin getValue()"
"com.dogecoin.dogecoinj.protocols.payments.PaymentSession","public java.util.Date getDate()"
"com.dogecoin.dogecoinj.protocols.payments.PaymentSession","public java.util.Date getExpires()"
"com.dogecoin.dogecoinj.protocols.payments.PaymentSession","public boolean isExpired()"
"com.dogecoin.dogecoinj.protocols.payments.PaymentSession","public java.lang.String getPaymentUrl()"
"com.dogecoin.dogecoinj.protocols.payments.PaymentSession","public byte[] getMerchantData()"
"com.dogecoin.dogecoinj.protocols.payments.PaymentSession","public org.bitcoinj.wallet.SendRequest getSendRequest()"
"com.dogecoin.dogecoinj.protocols.payments.PaymentSession","public com.google.common.util.concurrent.ListenableFuture<com.dogecoin.dogecoinj.protocols.payments.PaymentProtocol$Ack> sendPayment(java.util.List<org.bitcoinj.core.Transaction>, org.bitcoinj.core.Address, java.lang.String) throws com.dogecoin.dogecoinj.protocols.payments.PaymentProtocolException, org.bitcoinj.core.VerificationException, java.io.IOException"
"com.dogecoin.dogecoinj.protocols.payments.PaymentSession","public org.bitcoin.protocols.payments.Protos$Payment getPayment(java.util.List<org.bitcoinj.core.Transaction>, org.bitcoinj.core.Address, java.lang.String) throws java.io.IOException, com.dogecoin.dogecoinj.protocols.payments.PaymentProtocolException$InvalidNetwork"
"com.dogecoin.dogecoinj.protocols.payments.PaymentSession","public com.dogecoin.dogecoinj.protocols.payments.PaymentProtocol$PkiVerificationData verifyPki()"
"com.dogecoin.dogecoinj.protocols.payments.PaymentSession","public org.bitcoinj.core.NetworkParameters getNetworkParameters()"
"com.dogecoin.dogecoinj.protocols.payments.PaymentSession","public org.bitcoin.protocols.payments.Protos$PaymentRequest getPaymentRequest()"
"com.dogecoin.dogecoinj.protocols.payments.PaymentSession","public org.bitcoin.protocols.payments.Protos$PaymentDetails getPaymentDetails()"
"com.dogecoin.protocols.payments.Protos$Output$Builder","public boolean hasAmount()"
"com.dogecoin.protocols.payments.Protos$Output$Builder","public long getAmount()"
"com.dogecoin.protocols.payments.Protos$Output$Builder","public com.dogecoin.protocols.payments.Protos$Output$Builder setAmount(long)"
"com.dogecoin.protocols.payments.Protos$Output$Builder","public com.dogecoin.protocols.payments.Protos$Output$Builder clearAmount()"
"com.dogecoin.protocols.payments.Protos$Output$Builder","public boolean hasScript()"
"com.dogecoin.protocols.payments.Protos$Output$Builder","public com.google.protobuf.ByteString getScript()"
"com.dogecoin.protocols.payments.Protos$Output$Builder","public com.dogecoin.protocols.payments.Protos$Output$Builder setScript(com.google.protobuf.ByteString)"
"com.dogecoin.protocols.payments.Protos$Output$Builder","public com.dogecoin.protocols.payments.Protos$Output$Builder clearScript()"
"com.dogecoin.protocols.payments.Protos$Output","public boolean hasAmount()"
"com.dogecoin.protocols.payments.Protos$Output","public long getAmount()"
"com.dogecoin.protocols.payments.Protos$Output","public boolean hasScript()"
"com.dogecoin.protocols.payments.Protos$Output","public com.google.protobuf.ByteString getScript()"
"com.dogecoin.protocols.payments.Protos$Output","public static com.dogecoin.protocols.payments.Protos$Output parseFrom(java.nio.ByteBuffer) throws com.google.protobuf.InvalidProtocolBufferException"
"com.dogecoin.protocols.payments.Protos$Output","public static com.dogecoin.protocols.payments.Protos$Output parseFrom(java.nio.ByteBuffer, com.google.protobuf.ExtensionRegistryLite) throws com.google.protobuf.InvalidProtocolBufferException"
"com.dogecoin.protocols.payments.Protos$Output","public static com.dogecoin.protocols.payments.Protos$Output parseFrom(com.google.protobuf.ByteString) throws com.google.protobuf.InvalidProtocolBufferException"
"com.dogecoin.protocols.payments.Protos$Output","public static com.dogecoin.protocols.payments.Protos$Output parseFrom(com.google.protobuf.ByteString, com.google.protobuf.ExtensionRegistryLite) throws com.google.protobuf.InvalidProtocolBufferException"
"com.dogecoin.protocols.payments.Protos$Output","public static com.dogecoin.protocols.payments.Protos$Output parseFrom(byte[]) throws com.google.protobuf.InvalidProtocolBufferException"
"com.dogecoin.protocols.payments.Protos$Output","public static com.dogecoin.protocols.payments.Protos$Output parseFrom(byte[], com.google.protobuf.ExtensionRegistryLite) throws com.google.protobuf.InvalidProtocolBufferException"
"com.dogecoin.protocols.payments.Protos$Output","public static com.dogecoin.protocols.payments.Protos$Output parseFrom(java.io.InputStream) throws java.io.IOException"
"com.dogecoin.protocols.payments.Protos$Output","public static com.dogecoin.protocols.payments.Protos$Output parseFrom(java.io.InputStream, com.google.protobuf.ExtensionRegistryLite) throws java.io.IOException"
"com.dogecoin.protocols.payments.Protos$Output","public static com.dogecoin.protocols.payments.Protos$Output parseDelimitedFrom(java.io.InputStream) throws java.io.IOException"
"com.dogecoin.protocols.payments.Protos$Output","public static com.dogecoin.protocols.payments.Protos$Output parseDelimitedFrom(java.io.InputStream, com.google.protobuf.ExtensionRegistryLite) throws java.io.IOException"
"com.dogecoin.protocols.payments.Protos$Output","public static com.dogecoin.protocols.payments.Protos$Output parseFrom(com.google.protobuf.CodedInputStream) throws java.io.IOException"
"com.dogecoin.protocols.payments.Protos$Output","public static com.dogecoin.protocols.payments.Protos$Output parseFrom(com.google.protobuf.CodedInputStream, com.google.protobuf.ExtensionRegistryLite) throws java.io.IOException"
"com.dogecoin.protocols.payments.Protos$Output","public static com.dogecoin.protocols.payments.Protos$Output$Builder newBuilder()"
"com.dogecoin.protocols.payments.Protos$Output","public static com.dogecoin.protocols.payments.Protos$Output$Builder newBuilder(com.dogecoin.protocols.payments.Protos$Output)"
"com.dogecoin.protocols.payments.Protos$Output","public static com.dogecoin.protocols.payments.Protos$Output getDefaultInstance()"
"com.dogecoin.protocols.payments.Protos$Output","public static com.google.protobuf.Parser<com.dogecoin.protocols.payments.Protos$Output> parser()"
"com.dogecoin.protocols.payments.Protos$OutputOrBuilder","public abstract boolean hasAmount()"
"com.dogecoin.protocols.payments.Protos$OutputOrBuilder","public abstract long getAmount()"
"com.dogecoin.protocols.payments.Protos$OutputOrBuilder","public abstract boolean hasScript()"
"com.dogecoin.protocols.payments.Protos$OutputOrBuilder","public abstract com.google.protobuf.ByteString getScript()"
"com.dogecoin.protocols.payments.Protos$Payment$Builder","public boolean hasMerchantData()"
"com.dogecoin.protocols.payments.Protos$Payment$Builder","public com.google.protobuf.ByteString getMerchantData()"
"com.dogecoin.protocols.payments.Protos$Payment$Builder","public com.dogecoin.protocols.payments.Protos$Payment$Builder setMerchantData(com.google.protobuf.ByteString)"
"com.dogecoin.protocols.payments.Protos$Payment$Builder","public com.dogecoin.protocols.payments.Protos$Payment$Builder clearMerchantData()"
"com.dogecoin.protocols.payments.Protos$Payment$Builder","public java.util.List<com.google.protobuf.ByteString> getTransactionsList()"
"com.dogecoin.protocols.payments.Protos$Payment$Builder","public int getTransactionsCount()"
"com.dogecoin.protocols.payments.Protos$Payment$Builder","public com.google.protobuf.ByteString getTransactions(int)"
"com.dogecoin.protocols.payments.Protos$Payment$Builder","public com.dogecoin.protocols.payments.Protos$Payment$Builder setTransactions(int, com.google.protobuf.ByteString)"
"com.dogecoin.protocols.payments.Protos$Payment$Builder","public com.dogecoin.protocols.payments.Protos$Payment$Builder addTransactions(com.google.protobuf.ByteString)"
"com.dogecoin.protocols.payments.Protos$Payment$Builder","public com.dogecoin.protocols.payments.Protos$Payment$Builder addAllTransactions(java.lang.Iterable<? extends com.google.protobuf.ByteString>)"
"com.dogecoin.protocols.payments.Protos$Payment$Builder","public com.dogecoin.protocols.payments.Protos$Payment$Builder clearTransactions()"
"com.dogecoin.protocols.payments.Protos$Payment$Builder","public java.util.List<com.dogecoin.protocols.payments.Protos$Output> getRefundToList()"
"com.dogecoin.protocols.payments.Protos$Payment$Builder","public int getRefundToCount()"
"com.dogecoin.protocols.payments.Protos$Payment$Builder","public com.dogecoin.protocols.payments.Protos$Output getRefundTo(int)"
"com.dogecoin.protocols.payments.Protos$Payment$Builder","public com.dogecoin.protocols.payments.Protos$Payment$Builder setRefundTo(int, com.dogecoin.protocols.payments.Protos$Output)"
"com.dogecoin.protocols.payments.Protos$Payment$Builder","public com.dogecoin.protocols.payments.Protos$Payment$Builder setRefundTo(int, com.dogecoin.protocols.payments.Protos$Output$Builder)"
"com.dogecoin.protocols.payments.Protos$Payment$Builder","public com.dogecoin.protocols.payments.Protos$Payment$Builder addRefundTo(com.dogecoin.protocols.payments.Protos$Output)"
"com.dogecoin.protocols.payments.Protos$Payment$Builder","public com.dogecoin.protocols.payments.Protos$Payment$Builder addRefundTo(int, com.dogecoin.protocols.payments.Protos$Output)"
"com.dogecoin.protocols.payments.Protos$Payment$Builder","public com.dogecoin.protocols.payments.Protos$Payment$Builder addRefundTo(com.dogecoin.protocols.payments.Protos$Output$Builder)"
"com.dogecoin.protocols.payments.Protos$Payment$Builder","public com.dogecoin.protocols.payments.Protos$Payment$Builder addRefundTo(int, com.dogecoin.protocols.payments.Protos$Output$Builder)"
"com.dogecoin.protocols.payments.Protos$Payment$Builder","public com.dogecoin.protocols.payments.Protos$Payment$Builder addAllRefundTo(java.lang.Iterable<? extends com.dogecoin.protocols.payments.Protos$Output>)"
"com.dogecoin.protocols.payments.Protos$Payment$Builder","public com.dogecoin.protocols.payments.Protos$Payment$Builder clearRefundTo()"
"com.dogecoin.protocols.payments.Protos$Payment$Builder","public com.dogecoin.protocols.payments.Protos$Payment$Builder removeRefundTo(int)"
"com.dogecoin.protocols.payments.Protos$Payment$Builder","public boolean hasMemo()"
"com.dogecoin.protocols.payments.Protos$Payment$Builder","public java.lang.String getMemo()"
"com.dogecoin.protocols.payments.Protos$Payment$Builder","public com.google.protobuf.ByteString getMemoBytes()"
"com.dogecoin.protocols.payments.Protos$Payment$Builder","public com.dogecoin.protocols.payments.Protos$Payment$Builder setMemo(java.lang.String)"
"com.dogecoin.protocols.payments.Protos$Payment$Builder","public com.dogecoin.protocols.payments.Protos$Payment$Builder clearMemo()"
"com.dogecoin.protocols.payments.Protos$Payment$Builder","public com.dogecoin.protocols.payments.Protos$Payment$Builder setMemoBytes(com.google.protobuf.ByteString)"
"com.dogecoin.protocols.payments.Protos$Payment","public boolean hasMerchantData()"
"com.dogecoin.protocols.payments.Protos$Payment","public com.google.protobuf.ByteString getMerchantData()"
"com.dogecoin.protocols.payments.Protos$Payment","public java.util.List<com.google.protobuf.ByteString> getTransactionsList()"
"com.dogecoin.protocols.payments.Protos$Payment","public int getTransactionsCount()"
"com.dogecoin.protocols.payments.Protos$Payment","public com.google.protobuf.ByteString getTransactions(int)"
"com.dogecoin.protocols.payments.Protos$Payment","public java.util.List<com.dogecoin.protocols.payments.Protos$Output> getRefundToList()"
"com.dogecoin.protocols.payments.Protos$Payment","public java.util.List<? extends com.dogecoin.protocols.payments.Protos$OutputOrBuilder> getRefundToOrBuilderList()"
"com.dogecoin.protocols.payments.Protos$Payment","public int getRefundToCount()"
"com.dogecoin.protocols.payments.Protos$Payment","public com.dogecoin.protocols.payments.Protos$Output getRefundTo(int)"
"com.dogecoin.protocols.payments.Protos$Payment","public com.dogecoin.protocols.payments.Protos$OutputOrBuilder getRefundToOrBuilder(int)"
"com.dogecoin.protocols.payments.Protos$Payment","public boolean hasMemo()"
"com.dogecoin.protocols.payments.Protos$Payment","public java.lang.String getMemo()"
"com.dogecoin.protocols.payments.Protos$Payment","public com.google.protobuf.ByteString getMemoBytes()"
"com.dogecoin.protocols.payments.Protos$Payment","public static com.dogecoin.protocols.payments.Protos$Payment parseFrom(java.nio.ByteBuffer) throws com.google.protobuf.InvalidProtocolBufferException"
"com.dogecoin.protocols.payments.Protos$Payment","public static com.dogecoin.protocols.payments.Protos$Payment parseFrom(java.nio.ByteBuffer, com.google.protobuf.ExtensionRegistryLite) throws com.google.protobuf.InvalidProtocolBufferException"
"com.dogecoin.protocols.payments.Protos$Payment","public static com.dogecoin.protocols.payments.Protos$Payment parseFrom(com.google.protobuf.ByteString) throws com.google.protobuf.InvalidProtocolBufferException"
"com.dogecoin.protocols.payments.Protos$Payment","public static com.dogecoin.protocols.payments.Protos$Payment parseFrom(com.google.protobuf.ByteString, com.google.protobuf.ExtensionRegistryLite) throws com.google.protobuf.InvalidProtocolBufferException"
"com.dogecoin.protocols.payments.Protos$Payment","public static com.dogecoin.protocols.payments.Protos$Payment parseFrom(byte[]) throws com.google.protobuf.InvalidProtocolBufferException"
"com.dogecoin.protocols.payments.Protos$Payment","public static com.dogecoin.protocols.payments.Protos$Payment parseFrom(byte[], com.google.protobuf.ExtensionRegistryLite) throws com.google.protobuf.InvalidProtocolBufferException"
"com.dogecoin.protocols.payments.Protos$Payment","public static com.dogecoin.protocols.payments.Protos$Payment parseFrom(java.io.InputStream) throws java.io.IOException"
"com.dogecoin.protocols.payments.Protos$Payment","public static com.dogecoin.protocols.payments.Protos$Payment parseFrom(java.io.InputStream, com.google.protobuf.ExtensionRegistryLite) throws java.io.IOException"
"com.dogecoin.protocols.payments.Protos$Payment","public static com.dogecoin.protocols.payments.Protos$Payment parseDelimitedFrom(java.io.InputStream) throws java.io.IOException"
"com.dogecoin.protocols.payments.Protos$Payment","public static com.dogecoin.protocols.payments.Protos$Payment parseDelimitedFrom(java.io.InputStream, com.google.protobuf.ExtensionRegistryLite) throws java.io.IOException"
"com.dogecoin.protocols.payments.Protos$Payment","public static com.dogecoin.protocols.payments.Protos$Payment parseFrom(com.google.protobuf.CodedInputStream) throws java.io.IOException"
"com.dogecoin.protocols.payments.Protos$Payment","public static com.dogecoin.protocols.payments.Protos$Payment parseFrom(com.google.protobuf.CodedInputStream, com.google.protobuf.ExtensionRegistryLite) throws java.io.IOException"
"com.dogecoin.protocols.payments.Protos$Payment","public static com.dogecoin.protocols.payments.Protos$Payment$Builder newBuilder()"
"com.dogecoin.protocols.payments.Protos$Payment","public static com.dogecoin.protocols.payments.Protos$Payment$Builder newBuilder(com.dogecoin.protocols.payments.Protos$Payment)"
"com.dogecoin.protocols.payments.Protos$Payment","public static com.dogecoin.protocols.payments.Protos$Payment getDefaultInstance()"
"com.dogecoin.protocols.payments.Protos$Payment","public static com.google.protobuf.Parser<com.dogecoin.protocols.payments.Protos$Payment> parser()"
"com.dogecoin.protocols.payments.Protos$PaymentACK$Builder","public boolean hasPayment()"
"com.dogecoin.protocols.payments.Protos$PaymentACK$Builder","public com.dogecoin.protocols.payments.Protos$Payment getPayment()"
"com.dogecoin.protocols.payments.Protos$PaymentACK$Builder","public com.dogecoin.protocols.payments.Protos$PaymentACK$Builder setPayment(com.dogecoin.protocols.payments.Protos$Payment)"
"com.dogecoin.protocols.payments.Protos$PaymentACK$Builder","public com.dogecoin.protocols.payments.Protos$PaymentACK$Builder setPayment(com.dogecoin.protocols.payments.Protos$Payment$Builder)"
"com.dogecoin.protocols.payments.Protos$PaymentACK$Builder","public com.dogecoin.protocols.payments.Protos$PaymentACK$Builder mergePayment(com.dogecoin.protocols.payments.Protos$Payment)"
"com.dogecoin.protocols.payments.Protos$PaymentACK$Builder","public com.dogecoin.protocols.payments.Protos$PaymentACK$Builder clearPayment()"
"com.dogecoin.protocols.payments.Protos$PaymentACK$Builder","public boolean hasMemo()"
"com.dogecoin.protocols.payments.Protos$PaymentACK$Builder","public java.lang.String getMemo()"
"com.dogecoin.protocols.payments.Protos$PaymentACK$Builder","public com.google.protobuf.ByteString getMemoBytes()"
"com.dogecoin.protocols.payments.Protos$PaymentACK$Builder","public com.dogecoin.protocols.payments.Protos$PaymentACK$Builder setMemo(java.lang.String)"
"com.dogecoin.protocols.payments.Protos$PaymentACK$Builder","public com.dogecoin.protocols.payments.Protos$PaymentACK$Builder clearMemo()"
"com.dogecoin.protocols.payments.Protos$PaymentACK$Builder","public com.dogecoin.protocols.payments.Protos$PaymentACK$Builder setMemoBytes(com.google.protobuf.ByteString)"
"com.dogecoin.protocols.payments.Protos$PaymentACK","public boolean hasPayment()"
"com.dogecoin.protocols.payments.Protos$PaymentACK","public com.dogecoin.protocols.payments.Protos$Payment getPayment()"
"com.dogecoin.protocols.payments.Protos$PaymentACK","public boolean hasMemo()"
"com.dogecoin.protocols.payments.Protos$PaymentACK","public java.lang.String getMemo()"
"com.dogecoin.protocols.payments.Protos$PaymentACK","public com.google.protobuf.ByteString getMemoBytes()"
"com.dogecoin.protocols.payments.Protos$PaymentACK","public static com.dogecoin.protocols.payments.Protos$PaymentACK parseFrom(java.nio.ByteBuffer) throws com.google.protobuf.InvalidProtocolBufferException"
"com.dogecoin.protocols.payments.Protos$PaymentACK","public static com.dogecoin.protocols.payments.Protos$PaymentACK parseFrom(java.nio.ByteBuffer, com.google.protobuf.ExtensionRegistryLite) throws com.google.protobuf.InvalidProtocolBufferException"
"com.dogecoin.protocols.payments.Protos$PaymentACK","public static com.dogecoin.protocols.payments.Protos$PaymentACK parseFrom(com.google.protobuf.ByteString) throws com.google.protobuf.InvalidProtocolBufferException"
"com.dogecoin.protocols.payments.Protos$PaymentACK","public static com.dogecoin.protocols.payments.Protos$PaymentACK parseFrom(com.google.protobuf.ByteString, com.google.protobuf.ExtensionRegistryLite) throws com.google.protobuf.InvalidProtocolBufferException"
"com.dogecoin.protocols.payments.Protos$PaymentACK","public static com.dogecoin.protocols.payments.Protos$PaymentACK parseFrom(byte[]) throws com.google.protobuf.InvalidProtocolBufferException"
"com.dogecoin.protocols.payments.Protos$PaymentACK","public static com.dogecoin.protocols.payments.Protos$PaymentACK parseFrom(byte[], com.google.protobuf.ExtensionRegistryLite) throws com.google.protobuf.InvalidProtocolBufferException"
"com.dogecoin.protocols.payments.Protos$PaymentACK","public static com.dogecoin.protocols.payments.Protos$PaymentACK parseFrom(java.io.InputStream) throws java.io.IOException"
"com.dogecoin.protocols.payments.Protos$PaymentACK","public static com.dogecoin.protocols.payments.Protos$PaymentACK parseFrom(java.io.InputStream, com.google.protobuf.ExtensionRegistryLite) throws java.io.IOException"
"com.dogecoin.protocols.payments.Protos$PaymentACK","public static com.dogecoin.protocols.payments.Protos$PaymentACK parseDelimitedFrom(java.io.InputStream) throws java.io.IOException"
"com.dogecoin.protocols.payments.Protos$PaymentACK","public static com.dogecoin.protocols.payments.Protos$PaymentACK parseDelimitedFrom(java.io.InputStream, com.google.protobuf.ExtensionRegistryLite) throws java.io.IOException"
"com.dogecoin.protocols.payments.Protos$PaymentACK","public static com.dogecoin.protocols.payments.Protos$PaymentACK parseFrom(com.google.protobuf.CodedInputStream) throws java.io.IOException"
"com.dogecoin.protocols.payments.Protos$PaymentACK","public static com.dogecoin.protocols.payments.Protos$PaymentACK parseFrom(com.google.protobuf.CodedInputStream, com.google.protobuf.ExtensionRegistryLite) throws java.io.IOException"
"com.dogecoin.protocols.payments.Protos$PaymentACK","public static com.dogecoin.protocols.payments.Protos$PaymentACK$Builder newBuilder()"
"com.dogecoin.protocols.payments.Protos$PaymentACK","public static com.dogecoin.protocols.payments.Protos$PaymentACK$Builder newBuilder(com.dogecoin.protocols.payments.Protos$PaymentACK)"
"com.dogecoin.protocols.payments.Protos$PaymentACK","public static com.dogecoin.protocols.payments.Protos$PaymentACK getDefaultInstance()"
"com.dogecoin.protocols.payments.Protos$PaymentACK","public static com.google.protobuf.Parser<com.dogecoin.protocols.payments.Protos$PaymentACK> parser()"
"com.dogecoin.protocols.payments.Protos$PaymentACKOrBuilder","public abstract boolean hasPayment()"
"com.dogecoin.protocols.payments.Protos$PaymentACKOrBuilder","public abstract com.dogecoin.protocols.payments.Protos$Payment getPayment()"
"com.dogecoin.protocols.payments.Protos$PaymentACKOrBuilder","public abstract boolean hasMemo()"
"com.dogecoin.protocols.payments.Protos$PaymentACKOrBuilder","public abstract java.lang.String getMemo()"
"com.dogecoin.protocols.payments.Protos$PaymentACKOrBuilder","public abstract com.google.protobuf.ByteString getMemoBytes()"
"com.dogecoin.protocols.payments.Protos$PaymentDetails$Builder","public boolean hasGenesis()"
"com.dogecoin.protocols.payments.Protos$PaymentDetails$Builder","public java.lang.String getGenesis()"
"com.dogecoin.protocols.payments.Protos$PaymentDetails$Builder","public com.google.protobuf.ByteString getGenesisBytes()"
"com.dogecoin.protocols.payments.Protos$PaymentDetails$Builder","public com.dogecoin.protocols.payments.Protos$PaymentDetails$Builder setGenesis(java.lang.String)"
"com.dogecoin.protocols.payments.Protos$PaymentDetails$Builder","public com.dogecoin.protocols.payments.Protos$PaymentDetails$Builder clearGenesis()"
"com.dogecoin.protocols.payments.Protos$PaymentDetails$Builder","public com.dogecoin.protocols.payments.Protos$PaymentDetails$Builder setGenesisBytes(com.google.protobuf.ByteString)"
"com.dogecoin.protocols.payments.Protos$PaymentDetails$Builder","public java.util.List<com.dogecoin.protocols.payments.Protos$Output> getOutputsList()"
"com.dogecoin.protocols.payments.Protos$PaymentDetails$Builder","public int getOutputsCount()"
"com.dogecoin.protocols.payments.Protos$PaymentDetails$Builder","public com.dogecoin.protocols.payments.Protos$Output getOutputs(int)"
"com.dogecoin.protocols.payments.Protos$PaymentDetails$Builder","public com.dogecoin.protocols.payments.Protos$PaymentDetails$Builder setOutputs(int, com.dogecoin.protocols.payments.Protos$Output)"
"com.dogecoin.protocols.payments.Protos$PaymentDetails$Builder","public com.dogecoin.protocols.payments.Protos$PaymentDetails$Builder setOutputs(int, com.dogecoin.protocols.payments.Protos$Output$Builder)"
"com.dogecoin.protocols.payments.Protos$PaymentDetails$Builder","public com.dogecoin.protocols.payments.Protos$PaymentDetails$Builder addOutputs(com.dogecoin.protocols.payments.Protos$Output)"
"com.dogecoin.protocols.payments.Protos$PaymentDetails$Builder","public com.dogecoin.protocols.payments.Protos$PaymentDetails$Builder addOutputs(int, com.dogecoin.protocols.payments.Protos$Output)"
"com.dogecoin.protocols.payments.Protos$PaymentDetails$Builder","public com.dogecoin.protocols.payments.Protos$PaymentDetails$Builder addOutputs(com.dogecoin.protocols.payments.Protos$Output$Builder)"
"com.dogecoin.protocols.payments.Protos$PaymentDetails$Builder","public com.dogecoin.protocols.payments.Protos$PaymentDetails$Builder addOutputs(int, com.dogecoin.protocols.payments.Protos$Output$Builder)"
"com.dogecoin.protocols.payments.Protos$PaymentDetails$Builder","public com.dogecoin.protocols.payments.Protos$PaymentDetails$Builder addAllOutputs(java.lang.Iterable<? extends com.dogecoin.protocols.payments.Protos$Output>)"
"com.dogecoin.protocols.payments.Protos$PaymentDetails$Builder","public com.dogecoin.protocols.payments.Protos$PaymentDetails$Builder clearOutputs()"
"com.dogecoin.protocols.payments.Protos$PaymentDetails$Builder","public com.dogecoin.protocols.payments.Protos$PaymentDetails$Builder removeOutputs(int)"
"com.dogecoin.protocols.payments.Protos$PaymentDetails$Builder","public boolean hasTime()"
"com.dogecoin.protocols.payments.Protos$PaymentDetails$Builder","public long getTime()"
"com.dogecoin.protocols.payments.Protos$PaymentDetails$Builder","public com.dogecoin.protocols.payments.Protos$PaymentDetails$Builder setTime(long)"
"com.dogecoin.protocols.payments.Protos$PaymentDetails$Builder","public com.dogecoin.protocols.payments.Protos$PaymentDetails$Builder clearTime()"
"com.dogecoin.protocols.payments.Protos$PaymentDetails$Builder","public boolean hasExpires()"
"com.dogecoin.protocols.payments.Protos$PaymentDetails$Builder","public long getExpires()"
"com.dogecoin.protocols.payments.Protos$PaymentDetails$Builder","public com.dogecoin.protocols.payments.Protos$PaymentDetails$Builder setExpires(long)"
"com.dogecoin.protocols.payments.Protos$PaymentDetails$Builder","public com.dogecoin.protocols.payments.Protos$PaymentDetails$Builder clearExpires()"
"com.dogecoin.protocols.payments.Protos$PaymentDetails$Builder","public boolean hasMemo()"
"com.dogecoin.protocols.payments.Protos$PaymentDetails$Builder","public java.lang.String getMemo()"
"com.dogecoin.protocols.payments.Protos$PaymentDetails$Builder","public com.google.protobuf.ByteString getMemoBytes()"
"com.dogecoin.protocols.payments.Protos$PaymentDetails$Builder","public com.dogecoin.protocols.payments.Protos$PaymentDetails$Builder setMemo(java.lang.String)"
"com.dogecoin.protocols.payments.Protos$PaymentDetails$Builder","public com.dogecoin.protocols.payments.Protos$PaymentDetails$Builder clearMemo()"
"com.dogecoin.protocols.payments.Protos$PaymentDetails$Builder","public com.dogecoin.protocols.payments.Protos$PaymentDetails$Builder setMemoBytes(com.google.protobuf.ByteString)"
"com.dogecoin.protocols.payments.Protos$PaymentDetails$Builder","public boolean hasPaymentUrl()"
"com.dogecoin.protocols.payments.Protos$PaymentDetails$Builder","public java.lang.String getPaymentUrl()"
"com.dogecoin.protocols.payments.Protos$PaymentDetails$Builder","public com.google.protobuf.ByteString getPaymentUrlBytes()"
"com.dogecoin.protocols.payments.Protos$PaymentDetails$Builder","public com.dogecoin.protocols.payments.Protos$PaymentDetails$Builder setPaymentUrl(java.lang.String)"
"com.dogecoin.protocols.payments.Protos$PaymentDetails$Builder","public com.dogecoin.protocols.payments.Protos$PaymentDetails$Builder clearPaymentUrl()"
"com.dogecoin.protocols.payments.Protos$PaymentDetails$Builder","public com.dogecoin.protocols.payments.Protos$PaymentDetails$Builder setPaymentUrlBytes(com.google.protobuf.ByteString)"
"com.dogecoin.protocols.payments.Protos$PaymentDetails$Builder","public boolean hasMerchantData()"
"com.dogecoin.protocols.payments.Protos$PaymentDetails$Builder","public com.google.protobuf.ByteString getMerchantData()"
"com.dogecoin.protocols.payments.Protos$PaymentDetails$Builder","public com.dogecoin.protocols.payments.Protos$PaymentDetails$Builder setMerchantData(com.google.protobuf.ByteString)"
"com.dogecoin.protocols.payments.Protos$PaymentDetails$Builder","public com.dogecoin.protocols.payments.Protos$PaymentDetails$Builder clearMerchantData()"
"com.dogecoin.protocols.payments.Protos$PaymentDetails","public boolean hasGenesis()"
"com.dogecoin.protocols.payments.Protos$PaymentDetails","public java.lang.String getGenesis()"
"com.dogecoin.protocols.payments.Protos$PaymentDetails","public com.google.protobuf.ByteString getGenesisBytes()"
"com.dogecoin.protocols.payments.Protos$PaymentDetails","public java.util.List<com.dogecoin.protocols.payments.Protos$Output> getOutputsList()"
"com.dogecoin.protocols.payments.Protos$PaymentDetails","public java.util.List<? extends com.dogecoin.protocols.payments.Protos$OutputOrBuilder> getOutputsOrBuilderList()"
"com.dogecoin.protocols.payments.Protos$PaymentDetails","public int getOutputsCount()"
"com.dogecoin.protocols.payments.Protos$PaymentDetails","public com.dogecoin.protocols.payments.Protos$Output getOutputs(int)"
"com.dogecoin.protocols.payments.Protos$PaymentDetails","public com.dogecoin.protocols.payments.Protos$OutputOrBuilder getOutputsOrBuilder(int)"
"com.dogecoin.protocols.payments.Protos$PaymentDetails","public boolean hasTime()"
"com.dogecoin.protocols.payments.Protos$PaymentDetails","public long getTime()"
"com.dogecoin.protocols.payments.Protos$PaymentDetails","public boolean hasExpires()"
"com.dogecoin.protocols.payments.Protos$PaymentDetails","public long getExpires()"
"com.dogecoin.protocols.payments.Protos$PaymentDetails","public boolean hasMemo()"
"com.dogecoin.protocols.payments.Protos$PaymentDetails","public java.lang.String getMemo()"
"com.dogecoin.protocols.payments.Protos$PaymentDetails","public com.google.protobuf.ByteString getMemoBytes()"
"com.dogecoin.protocols.payments.Protos$PaymentDetails","public boolean hasPaymentUrl()"
"com.dogecoin.protocols.payments.Protos$PaymentDetails","public java.lang.String getPaymentUrl()"
"com.dogecoin.protocols.payments.Protos$PaymentDetails","public com.google.protobuf.ByteString getPaymentUrlBytes()"
"com.dogecoin.protocols.payments.Protos$PaymentDetails","public boolean hasMerchantData()"
"com.dogecoin.protocols.payments.Protos$PaymentDetails","public com.google.protobuf.ByteString getMerchantData()"
"com.dogecoin.protocols.payments.Protos$PaymentDetails","public static com.dogecoin.protocols.payments.Protos$PaymentDetails parseFrom(java.nio.ByteBuffer) throws com.google.protobuf.InvalidProtocolBufferException"
"com.dogecoin.protocols.payments.Protos$PaymentDetails","public static com.dogecoin.protocols.payments.Protos$PaymentDetails parseFrom(java.nio.ByteBuffer, com.google.protobuf.ExtensionRegistryLite) throws com.google.protobuf.InvalidProtocolBufferException"
"com.dogecoin.protocols.payments.Protos$PaymentDetails","public static com.dogecoin.protocols.payments.Protos$PaymentDetails parseFrom(com.google.protobuf.ByteString) throws com.google.protobuf.InvalidProtocolBufferException"
"com.dogecoin.protocols.payments.Protos$PaymentDetails","public static com.dogecoin.protocols.payments.Protos$PaymentDetails parseFrom(com.google.protobuf.ByteString, com.google.protobuf.ExtensionRegistryLite) throws com.google.protobuf.InvalidProtocolBufferException"
"com.dogecoin.protocols.payments.Protos$PaymentDetails","public static com.dogecoin.protocols.payments.Protos$PaymentDetails parseFrom(byte[]) throws com.google.protobuf.InvalidProtocolBufferException"
"com.dogecoin.protocols.payments.Protos$PaymentDetails","public static com.dogecoin.protocols.payments.Protos$PaymentDetails parseFrom(byte[], com.google.protobuf.ExtensionRegistryLite) throws com.google.protobuf.InvalidProtocolBufferException"
"com.dogecoin.protocols.payments.Protos$PaymentDetails","public static com.dogecoin.protocols.payments.Protos$PaymentDetails parseFrom(java.io.InputStream) throws java.io.IOException"
"com.dogecoin.protocols.payments.Protos$PaymentDetails","public static com.dogecoin.protocols.payments.Protos$PaymentDetails parseFrom(java.io.InputStream, com.google.protobuf.ExtensionRegistryLite) throws java.io.IOException"
"com.dogecoin.protocols.payments.Protos$PaymentDetails","public static com.dogecoin.protocols.payments.Protos$PaymentDetails parseDelimitedFrom(java.io.InputStream) throws java.io.IOException"
"com.dogecoin.protocols.payments.Protos$PaymentDetails","public static com.dogecoin.protocols.payments.Protos$PaymentDetails parseDelimitedFrom(java.io.InputStream, com.google.protobuf.ExtensionRegistryLite) throws java.io.IOException"
"com.dogecoin.protocols.payments.Protos$PaymentDetails","public static com.dogecoin.protocols.payments.Protos$PaymentDetails parseFrom(com.google.protobuf.CodedInputStream) throws java.io.IOException"
"com.dogecoin.protocols.payments.Protos$PaymentDetails","public static com.dogecoin.protocols.payments.Protos$PaymentDetails parseFrom(com.google.protobuf.CodedInputStream, com.google.protobuf.ExtensionRegistryLite) throws java.io.IOException"
"com.dogecoin.protocols.payments.Protos$PaymentDetails","public static com.dogecoin.protocols.payments.Protos$PaymentDetails$Builder newBuilder()"
"com.dogecoin.protocols.payments.Protos$PaymentDetails","public static com.dogecoin.protocols.payments.Protos$PaymentDetails$Builder newBuilder(com.dogecoin.protocols.payments.Protos$PaymentDetails)"
"com.dogecoin.protocols.payments.Protos$PaymentDetails","public static com.dogecoin.protocols.payments.Protos$PaymentDetails getDefaultInstance()"
"com.dogecoin.protocols.payments.Protos$PaymentDetails","public static com.google.protobuf.Parser<com.dogecoin.protocols.payments.Protos$PaymentDetails> parser()"
"com.dogecoin.protocols.payments.Protos$PaymentDetailsOrBuilder","public abstract boolean hasGenesis()"
"com.dogecoin.protocols.payments.Protos$PaymentDetailsOrBuilder","public abstract java.lang.String getGenesis()"
"com.dogecoin.protocols.payments.Protos$PaymentDetailsOrBuilder","public abstract com.google.protobuf.ByteString getGenesisBytes()"
"com.dogecoin.protocols.payments.Protos$PaymentDetailsOrBuilder","public abstract java.util.List<com.dogecoin.protocols.payments.Protos$Output> getOutputsList()"
"com.dogecoin.protocols.payments.Protos$PaymentDetailsOrBuilder","public abstract com.dogecoin.protocols.payments.Protos$Output getOutputs(int)"
"com.dogecoin.protocols.payments.Protos$PaymentDetailsOrBuilder","public abstract int getOutputsCount()"
"com.dogecoin.protocols.payments.Protos$PaymentDetailsOrBuilder","public abstract boolean hasTime()"
"com.dogecoin.protocols.payments.Protos$PaymentDetailsOrBuilder","public abstract long getTime()"
"com.dogecoin.protocols.payments.Protos$PaymentDetailsOrBuilder","public abstract boolean hasExpires()"
"com.dogecoin.protocols.payments.Protos$PaymentDetailsOrBuilder","public abstract long getExpires()"
"com.dogecoin.protocols.payments.Protos$PaymentDetailsOrBuilder","public abstract boolean hasMemo()"
"com.dogecoin.protocols.payments.Protos$PaymentDetailsOrBuilder","public abstract java.lang.String getMemo()"
"com.dogecoin.protocols.payments.Protos$PaymentDetailsOrBuilder","public abstract com.google.protobuf.ByteString getMemoBytes()"
"com.dogecoin.protocols.payments.Protos$PaymentDetailsOrBuilder","public abstract boolean hasPaymentUrl()"
"com.dogecoin.protocols.payments.Protos$PaymentDetailsOrBuilder","public abstract java.lang.String getPaymentUrl()"
"com.dogecoin.protocols.payments.Protos$PaymentDetailsOrBuilder","public abstract com.google.protobuf.ByteString getPaymentUrlBytes()"
"com.dogecoin.protocols.payments.Protos$PaymentDetailsOrBuilder","public abstract boolean hasMerchantData()"
"com.dogecoin.protocols.payments.Protos$PaymentDetailsOrBuilder","public abstract com.google.protobuf.ByteString getMerchantData()"
"com.dogecoin.protocols.payments.Protos$PaymentOrBuilder","public abstract boolean hasMerchantData()"
"com.dogecoin.protocols.payments.Protos$PaymentOrBuilder","public abstract com.google.protobuf.ByteString getMerchantData()"
"com.dogecoin.protocols.payments.Protos$PaymentOrBuilder","public abstract java.util.List<com.google.protobuf.ByteString> getTransactionsList()"
"com.dogecoin.protocols.payments.Protos$PaymentOrBuilder","public abstract int getTransactionsCount()"
"com.dogecoin.protocols.payments.Protos$PaymentOrBuilder","public abstract com.google.protobuf.ByteString getTransactions(int)"
"com.dogecoin.protocols.payments.Protos$PaymentOrBuilder","public abstract java.util.List<com.dogecoin.protocols.payments.Protos$Output> getRefundToList()"
"com.dogecoin.protocols.payments.Protos$PaymentOrBuilder","public abstract com.dogecoin.protocols.payments.Protos$Output getRefundTo(int)"
"com.dogecoin.protocols.payments.Protos$PaymentOrBuilder","public abstract int getRefundToCount()"
"com.dogecoin.protocols.payments.Protos$PaymentOrBuilder","public abstract boolean hasMemo()"
"com.dogecoin.protocols.payments.Protos$PaymentOrBuilder","public abstract java.lang.String getMemo()"
"com.dogecoin.protocols.payments.Protos$PaymentOrBuilder","public abstract com.google.protobuf.ByteString getMemoBytes()"
"com.dogecoin.protocols.payments.Protos$PaymentRequest$Builder","public boolean hasPaymentDetailsVersion()"
"com.dogecoin.protocols.payments.Protos$PaymentRequest$Builder","public int getPaymentDetailsVersion()"
"com.dogecoin.protocols.payments.Protos$PaymentRequest$Builder","public com.dogecoin.protocols.payments.Protos$PaymentRequest$Builder setPaymentDetailsVersion(int)"
"com.dogecoin.protocols.payments.Protos$PaymentRequest$Builder","public com.dogecoin.protocols.payments.Protos$PaymentRequest$Builder clearPaymentDetailsVersion()"
"com.dogecoin.protocols.payments.Protos$PaymentRequest$Builder","public boolean hasPkiType()"
"com.dogecoin.protocols.payments.Protos$PaymentRequest$Builder","public java.lang.String getPkiType()"
"com.dogecoin.protocols.payments.Protos$PaymentRequest$Builder","public com.google.protobuf.ByteString getPkiTypeBytes()"
"com.dogecoin.protocols.payments.Protos$PaymentRequest$Builder","public com.dogecoin.protocols.payments.Protos$PaymentRequest$Builder setPkiType(java.lang.String)"
"com.dogecoin.protocols.payments.Protos$PaymentRequest$Builder","public com.dogecoin.protocols.payments.Protos$PaymentRequest$Builder clearPkiType()"
"com.dogecoin.protocols.payments.Protos$PaymentRequest$Builder","public com.dogecoin.protocols.payments.Protos$PaymentRequest$Builder setPkiTypeBytes(com.google.protobuf.ByteString)"
"com.dogecoin.protocols.payments.Protos$PaymentRequest$Builder","public boolean hasPkiData()"
"com.dogecoin.protocols.payments.Protos$PaymentRequest$Builder","public com.google.protobuf.ByteString getPkiData()"
"com.dogecoin.protocols.payments.Protos$PaymentRequest$Builder","public com.dogecoin.protocols.payments.Protos$PaymentRequest$Builder setPkiData(com.google.protobuf.ByteString)"
"com.dogecoin.protocols.payments.Protos$PaymentRequest$Builder","public com.dogecoin.protocols.payments.Protos$PaymentRequest$Builder clearPkiData()"
"com.dogecoin.protocols.payments.Protos$PaymentRequest$Builder","public boolean hasSerializedPaymentDetails()"
"com.dogecoin.protocols.payments.Protos$PaymentRequest$Builder","public com.google.protobuf.ByteString getSerializedPaymentDetails()"
"com.dogecoin.protocols.payments.Protos$PaymentRequest$Builder","public com.dogecoin.protocols.payments.Protos$PaymentRequest$Builder setSerializedPaymentDetails(com.google.protobuf.ByteString)"
"com.dogecoin.protocols.payments.Protos$PaymentRequest$Builder","public com.dogecoin.protocols.payments.Protos$PaymentRequest$Builder clearSerializedPaymentDetails()"
"com.dogecoin.protocols.payments.Protos$PaymentRequest$Builder","public boolean hasSignature()"
"com.dogecoin.protocols.payments.Protos$PaymentRequest$Builder","public com.google.protobuf.ByteString getSignature()"
"com.dogecoin.protocols.payments.Protos$PaymentRequest$Builder","public com.dogecoin.protocols.payments.Protos$PaymentRequest$Builder setSignature(com.google.protobuf.ByteString)"
"com.dogecoin.protocols.payments.Protos$PaymentRequest$Builder","public com.dogecoin.protocols.payments.Protos$PaymentRequest$Builder clearSignature()"
"com.dogecoin.protocols.payments.Protos$PaymentRequest","public boolean hasPaymentDetailsVersion()"
"com.dogecoin.protocols.payments.Protos$PaymentRequest","public int getPaymentDetailsVersion()"
"com.dogecoin.protocols.payments.Protos$PaymentRequest","public boolean hasPkiType()"
"com.dogecoin.protocols.payments.Protos$PaymentRequest","public java.lang.String getPkiType()"
"com.dogecoin.protocols.payments.Protos$PaymentRequest","public com.google.protobuf.ByteString getPkiTypeBytes()"
"com.dogecoin.protocols.payments.Protos$PaymentRequest","public boolean hasPkiData()"
"com.dogecoin.protocols.payments.Protos$PaymentRequest","public com.google.protobuf.ByteString getPkiData()"
"com.dogecoin.protocols.payments.Protos$PaymentRequest","public boolean hasSerializedPaymentDetails()"
"com.dogecoin.protocols.payments.Protos$PaymentRequest","public com.google.protobuf.ByteString getSerializedPaymentDetails()"
"com.dogecoin.protocols.payments.Protos$PaymentRequest","public boolean hasSignature()"
"com.dogecoin.protocols.payments.Protos$PaymentRequest","public com.google.protobuf.ByteString getSignature()"
"com.dogecoin.protocols.payments.Protos$PaymentRequest","public static com.dogecoin.protocols.payments.Protos$PaymentRequest parseFrom(java.nio.ByteBuffer) throws com.google.protobuf.InvalidProtocolBufferException"
"com.dogecoin.protocols.payments.Protos$PaymentRequest","public static com.dogecoin.protocols.payments.Protos$PaymentRequest parseFrom(java.nio.ByteBuffer, com.google.protobuf.ExtensionRegistryLite) throws com.google.protobuf.InvalidProtocolBufferException"
"com.dogecoin.protocols.payments.Protos$PaymentRequest","public static com.dogecoin.protocols.payments.Protos$PaymentRequest parseFrom(com.google.protobuf.ByteString) throws com.google.protobuf.InvalidProtocolBufferException"
"com.dogecoin.protocols.payments.Protos$PaymentRequest","public static com.dogecoin.protocols.payments.Protos$PaymentRequest parseFrom(com.google.protobuf.ByteString, com.google.protobuf.ExtensionRegistryLite) throws com.google.protobuf.InvalidProtocolBufferException"
"com.dogecoin.protocols.payments.Protos$PaymentRequest","public static com.dogecoin.protocols.payments.Protos$PaymentRequest parseFrom(byte[]) throws com.google.protobuf.InvalidProtocolBufferException"
"com.dogecoin.protocols.payments.Protos$PaymentRequest","public static com.dogecoin.protocols.payments.Protos$PaymentRequest parseFrom(byte[], com.google.protobuf.ExtensionRegistryLite) throws com.google.protobuf.InvalidProtocolBufferException"
"com.dogecoin.protocols.payments.Protos$PaymentRequest","public static com.dogecoin.protocols.payments.Protos$PaymentRequest parseFrom(java.io.InputStream) throws java.io.IOException"
"com.dogecoin.protocols.payments.Protos$PaymentRequest","public static com.dogecoin.protocols.payments.Protos$PaymentRequest parseFrom(java.io.InputStream, com.google.protobuf.ExtensionRegistryLite) throws java.io.IOException"
"com.dogecoin.protocols.payments.Protos$PaymentRequest","public static com.dogecoin.protocols.payments.Protos$PaymentRequest parseDelimitedFrom(java.io.InputStream) throws java.io.IOException"
"com.dogecoin.protocols.payments.Protos$PaymentRequest","public static com.dogecoin.protocols.payments.Protos$PaymentRequest parseDelimitedFrom(java.io.InputStream, com.google.protobuf.ExtensionRegistryLite) throws java.io.IOException"
"com.dogecoin.protocols.payments.Protos$PaymentRequest","public static com.dogecoin.protocols.payments.Protos$PaymentRequest parseFrom(com.google.protobuf.CodedInputStream) throws java.io.IOException"
"com.dogecoin.protocols.payments.Protos$PaymentRequest","public static com.dogecoin.protocols.payments.Protos$PaymentRequest parseFrom(com.google.protobuf.CodedInputStream, com.google.protobuf.ExtensionRegistryLite) throws java.io.IOException"
"com.dogecoin.protocols.payments.Protos$PaymentRequest","public static com.dogecoin.protocols.payments.Protos$PaymentRequest$Builder newBuilder()"
"com.dogecoin.protocols.payments.Protos$PaymentRequest","public static com.dogecoin.protocols.payments.Protos$PaymentRequest$Builder newBuilder(com.dogecoin.protocols.payments.Protos$PaymentRequest)"
"com.dogecoin.protocols.payments.Protos$PaymentRequest","public static com.dogecoin.protocols.payments.Protos$PaymentRequest getDefaultInstance()"
"com.dogecoin.protocols.payments.Protos$PaymentRequest","public static com.google.protobuf.Parser<com.dogecoin.protocols.payments.Protos$PaymentRequest> parser()"
"com.dogecoin.protocols.payments.Protos$PaymentRequestOrBuilder","public abstract boolean hasPaymentDetailsVersion()"
"com.dogecoin.protocols.payments.Protos$PaymentRequestOrBuilder","public abstract int getPaymentDetailsVersion()"
"com.dogecoin.protocols.payments.Protos$PaymentRequestOrBuilder","public abstract boolean hasPkiType()"
"com.dogecoin.protocols.payments.Protos$PaymentRequestOrBuilder","public abstract java.lang.String getPkiType()"
"com.dogecoin.protocols.payments.Protos$PaymentRequestOrBuilder","public abstract com.google.protobuf.ByteString getPkiTypeBytes()"
"com.dogecoin.protocols.payments.Protos$PaymentRequestOrBuilder","public abstract boolean hasPkiData()"
"com.dogecoin.protocols.payments.Protos$PaymentRequestOrBuilder","public abstract com.google.protobuf.ByteString getPkiData()"
"com.dogecoin.protocols.payments.Protos$PaymentRequestOrBuilder","public abstract boolean hasSerializedPaymentDetails()"
"com.dogecoin.protocols.payments.Protos$PaymentRequestOrBuilder","public abstract com.google.protobuf.ByteString getSerializedPaymentDetails()"
"com.dogecoin.protocols.payments.Protos$PaymentRequestOrBuilder","public abstract boolean hasSignature()"
"com.dogecoin.protocols.payments.Protos$PaymentRequestOrBuilder","public abstract com.google.protobuf.ByteString getSignature()"
"com.dogecoin.protocols.payments.Protos$X509Certificates$Builder","public java.util.List<com.google.protobuf.ByteString> getCertificateList()"
"com.dogecoin.protocols.payments.Protos$X509Certificates$Builder","public int getCertificateCount()"
"com.dogecoin.protocols.payments.Protos$X509Certificates$Builder","public com.google.protobuf.ByteString getCertificate(int)"
"com.dogecoin.protocols.payments.Protos$X509Certificates$Builder","public com.dogecoin.protocols.payments.Protos$X509Certificates$Builder setCertificate(int, com.google.protobuf.ByteString)"
"com.dogecoin.protocols.payments.Protos$X509Certificates$Builder","public com.dogecoin.protocols.payments.Protos$X509Certificates$Builder addCertificate(com.google.protobuf.ByteString)"
"com.dogecoin.protocols.payments.Protos$X509Certificates$Builder","public com.dogecoin.protocols.payments.Protos$X509Certificates$Builder addAllCertificate(java.lang.Iterable<? extends com.google.protobuf.ByteString>)"
"com.dogecoin.protocols.payments.Protos$X509Certificates$Builder","public com.dogecoin.protocols.payments.Protos$X509Certificates$Builder clearCertificate()"
"com.dogecoin.protocols.payments.Protos$X509Certificates","public java.util.List<com.google.protobuf.ByteString> getCertificateList()"
"com.dogecoin.protocols.payments.Protos$X509Certificates","public int getCertificateCount()"
"com.dogecoin.protocols.payments.Protos$X509Certificates","public com.google.protobuf.ByteString getCertificate(int)"
"com.dogecoin.protocols.payments.Protos$X509Certificates","public static com.dogecoin.protocols.payments.Protos$X509Certificates parseFrom(java.nio.ByteBuffer) throws com.google.protobuf.InvalidProtocolBufferException"
"com.dogecoin.protocols.payments.Protos$X509Certificates","public static com.dogecoin.protocols.payments.Protos$X509Certificates parseFrom(java.nio.ByteBuffer, com.google.protobuf.ExtensionRegistryLite) throws com.google.protobuf.InvalidProtocolBufferException"
"com.dogecoin.protocols.payments.Protos$X509Certificates","public static com.dogecoin.protocols.payments.Protos$X509Certificates parseFrom(com.google.protobuf.ByteString) throws com.google.protobuf.InvalidProtocolBufferException"
"com.dogecoin.protocols.payments.Protos$X509Certificates","public static com.dogecoin.protocols.payments.Protos$X509Certificates parseFrom(com.google.protobuf.ByteString, com.google.protobuf.ExtensionRegistryLite) throws com.google.protobuf.InvalidProtocolBufferException"
"com.dogecoin.protocols.payments.Protos$X509Certificates","public static com.dogecoin.protocols.payments.Protos$X509Certificates parseFrom(byte[]) throws com.google.protobuf.InvalidProtocolBufferException"
"com.dogecoin.protocols.payments.Protos$X509Certificates","public static com.dogecoin.protocols.payments.Protos$X509Certificates parseFrom(byte[], com.google.protobuf.ExtensionRegistryLite) throws com.google.protobuf.InvalidProtocolBufferException"
"com.dogecoin.protocols.payments.Protos$X509Certificates","public static com.dogecoin.protocols.payments.Protos$X509Certificates parseFrom(java.io.InputStream) throws java.io.IOException"
"com.dogecoin.protocols.payments.Protos$X509Certificates","public static com.dogecoin.protocols.payments.Protos$X509Certificates parseFrom(java.io.InputStream, com.google.protobuf.ExtensionRegistryLite) throws java.io.IOException"
"com.dogecoin.protocols.payments.Protos$X509Certificates","public static com.dogecoin.protocols.payments.Protos$X509Certificates parseDelimitedFrom(java.io.InputStream) throws java.io.IOException"
"com.dogecoin.protocols.payments.Protos$X509Certificates","public static com.dogecoin.protocols.payments.Protos$X509Certificates parseDelimitedFrom(java.io.InputStream, com.google.protobuf.ExtensionRegistryLite) throws java.io.IOException"
"com.dogecoin.protocols.payments.Protos$X509Certificates","public static com.dogecoin.protocols.payments.Protos$X509Certificates parseFrom(com.google.protobuf.CodedInputStream) throws java.io.IOException"
"com.dogecoin.protocols.payments.Protos$X509Certificates","public static com.dogecoin.protocols.payments.Protos$X509Certificates parseFrom(com.google.protobuf.CodedInputStream, com.google.protobuf.ExtensionRegistryLite) throws java.io.IOException"
"com.dogecoin.protocols.payments.Protos$X509Certificates","public static com.dogecoin.protocols.payments.Protos$X509Certificates$Builder newBuilder()"
"com.dogecoin.protocols.payments.Protos$X509Certificates","public static com.dogecoin.protocols.payments.Protos$X509Certificates$Builder newBuilder(com.dogecoin.protocols.payments.Protos$X509Certificates)"
"com.dogecoin.protocols.payments.Protos$X509Certificates","public static com.dogecoin.protocols.payments.Protos$X509Certificates getDefaultInstance()"
"com.dogecoin.protocols.payments.Protos$X509Certificates","public static com.google.protobuf.Parser<com.dogecoin.protocols.payments.Protos$X509Certificates> parser()"
"com.dogecoin.protocols.payments.Protos$X509CertificatesOrBuilder","public abstract java.util.List<com.google.protobuf.ByteString> getCertificateList()"
"com.dogecoin.protocols.payments.Protos$X509CertificatesOrBuilder","public abstract int getCertificateCount()"
"com.dogecoin.protocols.payments.Protos$X509CertificatesOrBuilder","public abstract com.google.protobuf.ByteString getCertificate(int)"
"com.dogecoin.protocols.payments.Protos","public static void registerAllExtensions(com.google.protobuf.ExtensionRegistryLite)"
"org.bitcoinj.core.AltcoinBlock","public org.bitcoinj.core.AltcoinBlock(org.bitcoinj.core.NetworkParameters, long)"
"org.bitcoinj.core.AltcoinBlock","public org.bitcoinj.core.AltcoinBlock(org.bitcoinj.core.NetworkParameters, byte[])"
"org.bitcoinj.core.AltcoinBlock","public org.bitcoinj.core.AltcoinBlock(org.bitcoinj.core.NetworkParameters, byte[], int, org.bitcoinj.core.MessageSerializer, int) throws org.bitcoinj.core.ProtocolException"
"org.bitcoinj.core.AltcoinBlock","public org.bitcoinj.core.AltcoinBlock(org.bitcoinj.core.NetworkParameters, byte[], int, org.bitcoinj.core.Message, org.bitcoinj.core.MessageSerializer, int) throws org.bitcoinj.core.ProtocolException"
"org.bitcoinj.core.AltcoinBlock","public org.bitcoinj.core.AltcoinBlock(org.bitcoinj.core.NetworkParameters, long, org.bitcoinj.core.Sha256Hash, org.bitcoinj.core.Sha256Hash, long, long, long, java.util.List<org.bitcoinj.core.Transaction>)"
"org.bitcoinj.core.AltcoinBlock","public org.bitcoinj.core.AuxPoW getAuxPoW()"
"org.bitcoinj.core.AltcoinBlock","public void setAuxPoW(org.bitcoinj.core.AuxPoW)"
"org.bitcoinj.core.AltcoinBlock","public org.bitcoinj.core.Sha256Hash getScryptHash()"
"org.bitcoinj.core.AltcoinBlock","public java.lang.String getScryptHashAsString()"
"org.bitcoinj.core.AltcoinBlock","public org.bitcoinj.core.Coin getBlockInflation(int)"
"org.bitcoinj.core.AltcoinBlock","public static long getChainID(long)"
"org.bitcoinj.core.AltcoinBlock","public long getChainID()"
"org.bitcoinj.core.AltcoinBlock","public java.util.BitSet getVersionFlags()"
"org.bitcoinj.core.AltcoinBlock","public final long getRawVersion()"
"org.bitcoinj.core.AltcoinBlock","public static long getBaseVersion(long)"
"org.bitcoinj.core.AltcoinBlock","public long getVersion()"
"org.bitcoinj.core.AltcoinBlock","public org.bitcoinj.core.Block cloneAsHeader()"
"org.bitcoinj.core.AltcoinBlock","public void verifyHeader() throws org.bitcoinj.core.VerificationException"
"org.bitcoinj.core.AuxPoW","public org.bitcoinj.core.AuxPoW(org.bitcoinj.core.NetworkParameters, org.bitcoinj.core.Message)"
"org.bitcoinj.core.AuxPoW","public org.bitcoinj.core.AuxPoW(org.bitcoinj.core.NetworkParameters, byte[], int, org.bitcoinj.core.Message, org.bitcoinj.core.MessageSerializer) throws org.bitcoinj.core.ProtocolException"
"org.bitcoinj.core.AuxPoW","public org.bitcoinj.core.AuxPoW(org.bitcoinj.core.NetworkParameters, byte[], org.bitcoinj.core.Message, org.bitcoinj.core.MessageSerializer) throws org.bitcoinj.core.ProtocolException"
"org.bitcoinj.core.AuxPoW","public int getOptimalEncodingMessageSize()"
"org.bitcoinj.core.AuxPoW","public java.lang.String toString()"
"org.bitcoinj.core.AuxPoW","public java.lang.String toString(org.bitcoinj.core.AbstractBlockChain, java.lang.CharSequence)"
"org.bitcoinj.core.AuxPoW","public boolean equals(java.lang.Object)"
"org.bitcoinj.core.AuxPoW","public int hashCode()"
"org.bitcoinj.core.AuxPoW","public org.bitcoinj.core.AltcoinBlock getParentBlockHeader()"
"org.bitcoinj.core.AuxPoW","public org.bitcoinj.core.Transaction getCoinbase()"
"org.bitcoinj.core.AuxPoW","public org.bitcoinj.core.MerkleBranch getChainMerkleBranch()"
"org.bitcoinj.core.AuxPoW","public org.bitcoinj.core.MerkleBranch getCoinbaseBranch()"
"org.bitcoinj.core.AuxPoW","public org.bitcoinj.core.Transaction getTransaction()"
"org.bitcoinj.core.AuxPoW","public void setCoinbaseBranch(org.bitcoinj.core.MerkleBranch)"
"org.bitcoinj.core.AuxPoW","public void setParentBlockHeader(org.bitcoinj.core.AltcoinBlock)"
"org.bitcoinj.core.MerkleBranch","public org.bitcoinj.core.MerkleBranch(org.bitcoinj.core.NetworkParameters, org.bitcoinj.core.ChildMessage)"
"org.bitcoinj.core.MerkleBranch","public org.bitcoinj.core.MerkleBranch(org.bitcoinj.core.NetworkParameters, org.bitcoinj.core.ChildMessage, byte[], int) throws org.bitcoinj.core.ProtocolException"
"org.bitcoinj.core.MerkleBranch","public org.bitcoinj.core.MerkleBranch(org.bitcoinj.core.NetworkParameters, org.bitcoinj.core.ChildMessage, byte[], int, org.bitcoinj.core.MessageSerializer) throws org.bitcoinj.core.ProtocolException"
"org.bitcoinj.core.MerkleBranch","public org.bitcoinj.core.MerkleBranch(org.bitcoinj.core.NetworkParameters, org.bitcoinj.core.ChildMessage, java.util.List<org.bitcoinj.core.Sha256Hash>, long)"
"org.bitcoinj.core.MerkleBranch","public static int calcLength(byte[], int)"
"org.bitcoinj.core.MerkleBranch","public org.bitcoinj.core.Sha256Hash calculateMerkleRoot(org.bitcoinj.core.Sha256Hash)"
"org.bitcoinj.core.MerkleBranch","public java.util.List<org.bitcoinj.core.Sha256Hash> getHashes()"
"org.bitcoinj.core.MerkleBranch","public long getIndex()"
"org.bitcoinj.core.MerkleBranch","public void setHashes(java.util.List<org.bitcoinj.core.Sha256Hash>)"
"org.bitcoinj.core.MerkleBranch","public void setIndex(long)"
"org.bitcoinj.core.MerkleBranch","public int size()"
"org.bitcoinj.core.MerkleBranch","public int getOptimalEncodingMessageSize()"
"org.bitcoinj.core.MerkleBranch","public java.lang.String toString()"
"org.bitcoinj.core.MerkleBranch","public boolean equals(java.lang.Object)"
"org.bitcoinj.core.MerkleBranch","public int hashCode()"
"org.libdohj.core.AltcoinNetworkParameters","public abstract java.math.BigInteger getBlockDifficulty(org.bitcoinj.core.Block)"
"org.libdohj.core.AltcoinNetworkParameters","public abstract boolean isTestNet()"
"org.libdohj.core.AltcoinNetworkParameters","public abstract org.bitcoinj.core.Coin getBlockSubsidy(int)"
"org.libdohj.core.AltcoinSerializer","public org.libdohj.core.AltcoinSerializer(org.bitcoinj.core.NetworkParameters, boolean)"
"org.libdohj.core.AltcoinSerializer","public org.bitcoinj.core.Block makeBlock(byte[], int, int) throws org.bitcoinj.core.ProtocolException"
"org.libdohj.core.AltcoinSerializer","public org.bitcoinj.core.FilteredBlock makeFilteredBlock(byte[]) throws org.bitcoinj.core.ProtocolException"
"org.libdohj.core.AuxPoWNetworkParameters","public abstract boolean isAuxPoWBlockVersion(long)"
"org.libdohj.core.AuxPoWNetworkParameters","public abstract int getChainID()"
"org.libdohj.core.Utils","public org.libdohj.core.Utils()"
"org.libdohj.core.Utils","public static byte[] scryptDigest(byte[]) throws java.security.GeneralSecurityException"
"org.libdohj.core.Utils","public static java.lang.String formatAsHash(java.math.BigInteger)"
"org.libdohj.names.NameTransactionUtils","public org.libdohj.names.NameTransactionUtils()"
"org.libdohj.names.NameTransactionUtils","public static org.bitcoinj.core.TransactionOutput getNameAnyUpdateOutput(org.bitcoinj.core.Transaction, java.lang.String)"
"org.libdohj.names.NameTransactionUtils","public static org.libdohj.script.NameScript getNameAnyUpdateScript(org.bitcoinj.core.Transaction, java.lang.String)"
"org.libdohj.names.NameTransactionUtils","public static java.lang.String getNameValueAsString(org.bitcoinj.core.Transaction, java.lang.String) throws java.io.UnsupportedEncodingException"
"org.libdohj.params.AbstractDogecoinParams","public org.libdohj.params.AbstractDogecoinParams(int)"
"org.libdohj.params.AbstractDogecoinParams","public org.bitcoinj.core.Coin getBlockSubsidy(int)"
"org.libdohj.params.AbstractDogecoinParams","public int getNewInterval()"
"org.libdohj.params.AbstractDogecoinParams","public int getNewTargetTimespan()"
"org.libdohj.params.AbstractDogecoinParams","public org.bitcoinj.utils.MonetaryFormat getMonetaryFormat()"
"org.libdohj.params.AbstractDogecoinParams","public org.bitcoinj.core.Coin getMaxMoney()"
"org.libdohj.params.AbstractDogecoinParams","public org.bitcoinj.core.Coin getMinNonDustOutput()"
"org.libdohj.params.AbstractDogecoinParams","public java.lang.String getUriScheme()"
"org.libdohj.params.AbstractDogecoinParams","public boolean hasMaxMoney()"
"org.libdohj.params.AbstractDogecoinParams","public void checkDifficultyTransitions(org.bitcoinj.core.StoredBlock, org.bitcoinj.core.Block, org.bitcoinj.store.BlockStore) throws org.bitcoinj.core.VerificationException, org.bitcoinj.store.BlockStoreException"
"org.libdohj.params.AbstractDogecoinParams","public long calculateNewDifficultyTarget(org.bitcoinj.core.StoredBlock, org.bitcoinj.core.Block, org.bitcoinj.store.BlockStore) throws org.bitcoinj.core.VerificationException, org.bitcoinj.store.BlockStoreException, org.libdohj.params.AbstractDogecoinParams$CheckpointEncounteredException"
"org.libdohj.params.AbstractDogecoinParams","public int getDigishieldBlockHeight()"
"org.libdohj.params.AbstractDogecoinParams","public int getChainID()"
"org.libdohj.params.AbstractDogecoinParams","public abstract boolean allowMinDifficultyBlocks()"
"org.libdohj.params.AbstractDogecoinParams","public java.math.BigInteger getBlockDifficulty(org.bitcoinj.core.Block)"
"org.libdohj.params.AbstractDogecoinParams","public org.libdohj.core.AltcoinSerializer getSerializer(boolean)"
"org.libdohj.params.AbstractDogecoinParams","public int getProtocolVersionNum(org.bitcoinj.core.NetworkParameters$ProtocolVersion)"
"org.libdohj.params.AbstractDogecoinParams","public boolean isAuxPoWBlockVersion(long)"
"org.libdohj.params.AbstractDogecoinParams","public org.bitcoinj.core.BitcoinSerializer getSerializer(boolean)"
"org.libdohj.params.AbstractLitecoinParams","public org.libdohj.params.AbstractLitecoinParams()"
"org.libdohj.params.AbstractLitecoinParams","public org.bitcoinj.core.Coin getBlockSubsidy(int)"
"org.libdohj.params.AbstractLitecoinParams","public java.math.BigInteger getBlockDifficulty(org.bitcoinj.core.Block)"
"org.libdohj.params.AbstractLitecoinParams","public org.bitcoinj.utils.MonetaryFormat getMonetaryFormat()"
"org.libdohj.params.AbstractLitecoinParams","public org.bitcoinj.core.Coin getMaxMoney()"
"org.libdohj.params.AbstractLitecoinParams","public org.bitcoinj.core.Coin getMinNonDustOutput()"
"org.libdohj.params.AbstractLitecoinParams","public java.lang.String getUriScheme()"
"org.libdohj.params.AbstractLitecoinParams","public boolean hasMaxMoney()"
"org.libdohj.params.AbstractLitecoinParams","public void checkDifficultyTransitions(org.bitcoinj.core.StoredBlock, org.bitcoinj.core.Block, org.bitcoinj.store.BlockStore) throws org.bitcoinj.core.VerificationException, org.bitcoinj.store.BlockStoreException"
"org.libdohj.params.AbstractLitecoinParams","public long calculateNewDifficultyTarget(org.bitcoinj.core.StoredBlock, org.bitcoinj.core.Block, org.bitcoinj.store.BlockStore) throws org.bitcoinj.core.VerificationException, org.bitcoinj.store.BlockStoreException, org.libdohj.params.AbstractLitecoinParams$CheckpointEncounteredException"
"org.libdohj.params.AbstractLitecoinParams","public org.libdohj.core.AltcoinSerializer getSerializer(boolean)"
"org.libdohj.params.AbstractLitecoinParams","public int getProtocolVersionNum(org.bitcoinj.core.NetworkParameters$ProtocolVersion)"
"org.libdohj.params.AbstractLitecoinParams","public boolean allowMinDifficultyBlocks()"
"org.libdohj.params.AbstractLitecoinParams","public int getTargetSpacing()"
"org.libdohj.params.AbstractLitecoinParams","public org.bitcoinj.core.BitcoinSerializer getSerializer(boolean)"
"org.libdohj.params.AbstractNamecoinParams","public org.libdohj.params.AbstractNamecoinParams()"
"org.libdohj.params.AbstractNamecoinParams","public org.bitcoinj.core.Coin getBlockSubsidy(int)"
"org.libdohj.params.AbstractNamecoinParams","public org.bitcoinj.utils.MonetaryFormat getMonetaryFormat()"
"org.libdohj.params.AbstractNamecoinParams","public org.bitcoinj.core.Coin getMaxMoney()"
"org.libdohj.params.AbstractNamecoinParams","public org.bitcoinj.core.Coin getMinNonDustOutput()"
"org.libdohj.params.AbstractNamecoinParams","public java.lang.String getUriScheme()"
"org.libdohj.params.AbstractNamecoinParams","public boolean hasMaxMoney()"
"org.libdohj.params.AbstractNamecoinParams","public void checkDifficultyTransitions(org.bitcoinj.core.StoredBlock, org.bitcoinj.core.Block, org.bitcoinj.store.BlockStore) throws org.bitcoinj.core.VerificationException, org.bitcoinj.store.BlockStoreException"
"org.libdohj.params.AbstractNamecoinParams","public int getChainID()"
"org.libdohj.params.AbstractNamecoinParams","public java.math.BigInteger getBlockDifficulty(org.bitcoinj.core.Block)"
"org.libdohj.params.AbstractNamecoinParams","public org.libdohj.core.AltcoinSerializer getSerializer(boolean)"
"org.libdohj.params.AbstractNamecoinParams","public int getProtocolVersionNum(org.bitcoinj.core.NetworkParameters$ProtocolVersion)"
"org.libdohj.params.AbstractNamecoinParams","public boolean isAuxPoWBlockVersion(long)"
"org.libdohj.params.AbstractNamecoinParams","public int getAuxpowStartHeight()"
"org.libdohj.params.AbstractNamecoinParams","public org.bitcoinj.core.BitcoinSerializer getSerializer(boolean)"
"org.libdohj.params.DogecoinMainNetParams","public org.libdohj.params.DogecoinMainNetParams()"
"org.libdohj.params.DogecoinMainNetParams","public static synchronized org.libdohj.params.DogecoinMainNetParams get()"
"org.libdohj.params.DogecoinMainNetParams","public boolean allowMinDifficultyBlocks()"
"org.libdohj.params.DogecoinMainNetParams","public java.lang.String getPaymentProtocolId()"
"org.libdohj.params.DogecoinMainNetParams","public org.bitcoinj.core.Block getGenesisBlock()"
"org.libdohj.params.DogecoinMainNetParams","public boolean isTestNet()"
"org.libdohj.params.DogecoinRegTestParams","public org.libdohj.params.DogecoinRegTestParams()"
"org.libdohj.params.DogecoinRegTestParams","public boolean allowEmptyPeerChain()"
"org.libdohj.params.DogecoinRegTestParams","public org.bitcoinj.core.Block getGenesisBlock()"
"org.libdohj.params.DogecoinRegTestParams","public static synchronized org.libdohj.params.DogecoinRegTestParams get()"
"org.libdohj.params.DogecoinRegTestParams","public java.lang.String getPaymentProtocolId()"
"org.libdohj.params.DogecoinRegTestParams","public long calculateNewDifficultyTarget(org.bitcoinj.core.StoredBlock, org.bitcoinj.core.Block, org.bitcoinj.store.BlockStore) throws org.bitcoinj.core.VerificationException, org.bitcoinj.store.BlockStoreException"
"org.libdohj.params.DogecoinRegTestParams","public boolean allowMinDifficultyBlocks()"
"org.libdohj.params.DogecoinRegTestParams","public boolean isTestNet()"
"org.libdohj.params.DogecoinTestNet3Params","public org.libdohj.params.DogecoinTestNet3Params()"
"org.libdohj.params.DogecoinTestNet3Params","public static synchronized org.libdohj.params.DogecoinTestNet3Params get()"
"org.libdohj.params.DogecoinTestNet3Params","public boolean allowMinDifficultyBlocks()"
"org.libdohj.params.DogecoinTestNet3Params","public java.lang.String getPaymentProtocolId()"
"org.libdohj.params.DogecoinTestNet3Params","public org.bitcoinj.core.Block getGenesisBlock()"
"org.libdohj.params.DogecoinTestNet3Params","public boolean isTestNet()"
"org.libdohj.params.LitecoinMainNetParams","public org.libdohj.params.LitecoinMainNetParams()"
"org.libdohj.params.LitecoinMainNetParams","public static synchronized org.libdohj.params.LitecoinMainNetParams get()"
"org.libdohj.params.LitecoinMainNetParams","public java.lang.String getPaymentProtocolId()"
"org.libdohj.params.LitecoinMainNetParams","public org.bitcoinj.core.Block getGenesisBlock()"
"org.libdohj.params.LitecoinMainNetParams","public boolean isTestNet()"
"org.libdohj.params.LitecoinRegTestParams","public org.libdohj.params.LitecoinRegTestParams()"
"org.libdohj.params.LitecoinRegTestParams","public boolean allowEmptyPeerChain()"
"org.libdohj.params.LitecoinRegTestParams","public org.bitcoinj.core.Block getGenesisBlock()"
"org.libdohj.params.LitecoinRegTestParams","public static synchronized org.libdohj.params.LitecoinRegTestParams get()"
"org.libdohj.params.LitecoinRegTestParams","public java.lang.String getPaymentProtocolId()"
"org.libdohj.params.LitecoinRegTestParams","public long calculateNewDifficultyTarget(org.bitcoinj.core.StoredBlock, org.bitcoinj.core.Block, org.bitcoinj.store.BlockStore) throws org.bitcoinj.core.VerificationException, org.bitcoinj.store.BlockStoreException"
"org.libdohj.params.LitecoinTestNet3Params","public org.libdohj.params.LitecoinTestNet3Params()"
"org.libdohj.params.LitecoinTestNet3Params","public static synchronized org.libdohj.params.LitecoinTestNet3Params get()"
"org.libdohj.params.LitecoinTestNet3Params","public java.lang.String getPaymentProtocolId()"
"org.libdohj.params.LitecoinTestNet3Params","public org.bitcoinj.core.Block getGenesisBlock()"
"org.libdohj.params.LitecoinTestNet3Params","public boolean isTestNet()"
"org.libdohj.params.NamecoinMainNetParams","public org.libdohj.params.NamecoinMainNetParams()"
"org.libdohj.params.NamecoinMainNetParams","public static synchronized org.libdohj.params.NamecoinMainNetParams get()"
"org.libdohj.params.NamecoinMainNetParams","public java.lang.String getPaymentProtocolId()"
"org.libdohj.params.NamecoinMainNetParams","public org.bitcoinj.core.Block getGenesisBlock()"
"org.libdohj.params.NamecoinMainNetParams","public boolean isTestNet()"
"org.libdohj.script.NameScript","public org.libdohj.script.NameScript(org.bitcoinj.script.Script)"
"org.libdohj.script.NameScript","public boolean isNameOp()"
"org.libdohj.script.NameScript","public org.bitcoinj.script.Script getAddress()"
"org.libdohj.script.NameScript","public boolean isAnyUpdate()"
"org.libdohj.script.NameScript","public org.bitcoinj.script.ScriptChunk getOpName()"
"org.libdohj.script.NameScript","public org.bitcoinj.script.ScriptChunk getOpValue()"
